id,nombre,apellido
74,Mariana,Salazar
82,Martina,Garcia
39,Sofia,Guzman
33,Rodrigo,Rios
43,Lorena,Sosa
16,Natalia,Gutierrez
67,Fernando,Paz
51,Camila,Castro
6,Andrea,Garcia
73,Sergio,Ortiz
19,Victor,Aguirre
90,Monica,Lopez
32,Rocio,Chavez
14,Veronica,Rivas
11,Miguel,Ortiz
93,Jose,Gomez
30,Gabriela,Alvarez
27,Alfredo,Serrano
77,Oscar,Perez
88,Rosa,Garcia
89,David,Hernandez
13,Ricardo,Rojas
9,Fernando,Martinez
53,Karina,Garcia
34,Silvia,Navarro
55,Pablo,Flores
5,Luis,Fernandez
17,Ivan,Flores
7,Jorge,Ramirez
3,Carlos,Gonzales
15,Oscar,Vargas
66,Andrea,Miranda
49,Ines,Reyes
21,Raul,Salazar
2,Maria,Rodriguez
18,Claudia,Vega
62,Mariana,Rivera
1,Jose,Perez
78,Ana,Reyes
64,Lucia,Guzman
75,Francisco,Mendoza
95,Gustavo,Mendez
76,Cristina,Lopez
41,Monica,Ibarra
56,Clara,Rios
61,Diego,Alvarez
85,Julio,Sanchez
47,Vanessa,Jimenez
58,Estela,Mendoza
24,Karen,Arce
59,Luis,Ortiz
57,Roberto,Sanchez
26,Lucia,Espinoza
50,Alex,Villarroel
44,Gerardo,Campos
63,Ricardo,Romero
52,Juan,Marquez
83,Victor,Rojas
94,Adriana,Reyes
38,Ruben,Saavedra
80,Fernanda,Ortiz
81,Luis,Castillo
87,Hugo,Perez
65,Jorge,Castillo
72,Natalia,Cruz
84,Camila,Martinez
35,Hector,Peña
23,Javier,Loayza
28,Isabel,Molina
96,Patricia,Lopez
46,Guillermo,Vargas
98,Daniela,Gomez
54,Julio,Perez
91,Carlos,Rodriguez
48,Cesar,Mejia
29,Mauricio,Galindo
99,Juan,Rodriguez
79,Carlos,Mendoza
60,Gabriela,Mamani
31,Diego,Montano
10,Laura,Torrez
100,Marcela,Jimenez
97,Javier,Gonzalez
8,Sandra,Mendez
37,Raquel,Vera
40,Daniel,Quiroga
22,Patricia,Nina
20,Elena,Cortez
69,Enrique,Jimenez
92,Paula,Martinez
71,Victor,Hernandez
25,Eduardo,Duran
42,Alvaro,Arias
45,Paola,Maldonado
12,Martha,Suarez
36,Gloria,Padilla
70,Gloria,Lopez
86,Marta,Flores
4,Ana,Lopez
68,Laura,Gonzalez
